,Year,SE.ADT.1524.LT.ZS,SP.DYN.LE00.IN,NY.GNP.PCAP.PP.CD,Country Code,Country Name,Region,Income Group,Lending Type
0,2011,46.9900512695,61.553,1700,AFG,Afghanistan,South Asia,Low income,IDA
1,2018,65.4205474854,64.486,2100,AFG,Afghanistan,South Asia,Low income,IDA
2,2011,98.7911911011,76.914,10210,ALB,Albania,Europe & Central Asia,Upper middle income,IBRD
3,2012,99.2313995361,77.252,10450,ALB,Albania,Europe & Central Asia,Upper middle income,IBRD
4,2018,99.3300018311,78.458,13960,ALB,Albania,Europe & Central Asia,Upper middle income,IBRD
5,2018,97.4265213013,76.693,11630,DZA,Algeria,Middle East & North Africa,Lower middle income,IBRD
6,2014,77.4311294556,58.776,7680,AGO,Angola,Sub-Saharan Africa ,Lower middle income,IBRD
7,2011,99.6282424927,75.439,18770,ARG,Argentina,Latin America & Caribbean ,Upper middle income,IBRD
8,2012,99.375869751,75.598,19150,ARG,Argentina,Latin America & Caribbean ,Upper middle income,IBRD
9,2013,99.551322937,75.756,19650,ARG,Argentina,Latin America & Caribbean ,Upper middle income,IBRD
10,2014,99.2967071533,75.913,19250,ARG,Argentina,Latin America & Caribbean ,Upper middle income,IBRD
11,2015,99.5597000122,76.068,19700,ARG,Argentina,Latin America & Caribbean ,Upper middle income,IBRD
12,2016,99.5027084351,76.221,19860,ARG,Argentina,Latin America & Caribbean ,Upper middle income,IBRD
13,2018,99.5055236816,76.52,22480,ARG,Argentina,Latin America & Caribbean ,Upper middle income,IBRD
14,2011,99.8473968506,73.572,8310,ARM,Armenia,Europe & Central Asia,Upper middle income,IBRD
15,2017,99.8470230103,74.797,12540,ARM,Armenia,Europe & Central Asia,Upper middle income,IBRD
16,2011,99.9440994263,71.234,13710,AZE,Azerbaijan,Europe & Central Asia,Upper middle income,IBRD
17,2012,99.9367523193,71.506,14980,AZE,Azerbaijan,Europe & Central Asia,Upper middle income,IBRD
18,2013,99.9524688721,71.768,16230,AZE,Azerbaijan,Europe & Central Asia,Upper middle income,IBRD
19,2014,99.956993103,72.022,16850,AZE,Azerbaijan,Europe & Central Asia,Upper middle income,IBRD
20,2015,99.942779541,72.266,14370,AZE,Azerbaijan,Europe & Central Asia,Upper middle income,IBRD
21,2016,99.9404830933,72.493,13430,AZE,Azerbaijan,Europe & Central Asia,Upper middle income,IBRD
22,2017,99.9380493164,72.693,13510,AZE,Azerbaijan,Europe & Central Asia,Upper middle income,IBRD
23,2016,99.4803085327,76.899,42280,BHR,Bahrain,Middle East & North Africa,High income,Not classified
24,2017,99.5982208252,77.032,45030,BHR,Bahrain,Middle East & North Africa,High income,Not classified
25,2018,99.6872024536,77.163,44740,BHR,Bahrain,Middle East & North Africa,High income,Not classified
26,2011,77.984992981,70.256,2830,BGD,Bangladesh,South Asia,Lower middle income,IDA
27,2012,77.8329086304,70.606,3190,BGD,Bangladesh,South Asia,Lower middle income,IDA
28,2013,85.5271530151,70.93,3400,BGD,Bangladesh,South Asia,Lower middle income,IDA
29,2014,85.5547332764,71.231,3590,BGD,Bangladesh,South Asia,Lower middle income,IDA
30,2015,87.8887710571,71.514,3790,BGD,Bangladesh,South Asia,Lower middle income,IDA
31,2016,92.2426528931,71.785,4070,BGD,Bangladesh,South Asia,Lower middle income,IDA
32,2017,92.9507598877,72.052,4340,BGD,Bangladesh,South Asia,Lower middle income,IDA
33,2018,93.2964401245,72.32,4760,BGD,Bangladesh,South Asia,Lower middle income,IDA
34,2014,99.9000015259,78.717,14540,BRB,Barbados,Latin America & Caribbean ,High income,Not classified
35,2018,99.8499984741,74.1756097561,18650,BLR,Belarus,Europe & Central Asia,Upper middle income,IBRD
36,2012,52.4924697876,59.842,2480,BEN,Benin,Sub-Saharan Africa ,Lower middle income,IDA
37,2018,60.9480781555,61.47,3200,BEN,Benin,Sub-Saharan Africa ,Lower middle income,IDA
38,2012,86.0590133667,69.263,7280,BTN,Bhutan,South Asia,Lower middle income,IDA
39,2017,93.0906295776,71.129,10170,BTN,Bhutan,South Asia,Lower middle income,IDA
40,2011,99.007522583,68.521,5240,BOL,Bolivia,Latin America & Caribbean ,Lower middle income,IBRD
41,2012,98.995880127,69.01,5570,BOL,Bolivia,Latin America & Caribbean ,Lower middle income,IBRD
42,2015,99.3991699219,70.277,6890,BOL,Bolivia,Latin America & Caribbean ,Lower middle income,IBRD
43,2011,99.462310791,76.219,10060,BIH,Bosnia and Herzegovina,Europe & Central Asia,Upper middle income,IBRD
44,2013,99.6624298096,76.569,11160,BIH,Bosnia and Herzegovina,Europe & Central Asia,Upper middle income,IBRD
45,2013,97.4562911987,64.976,14070,BWA,Botswana,Sub-Saharan Africa ,Upper middle income,IBRD
46,2011,98.4869232178,73.921,14650,BRA,Brazil,Latin America & Caribbean ,Upper middle income,IBRD
47,2012,98.6196594238,74.209,14670,BRA,Brazil,Latin America & Caribbean ,Upper middle income,IBRD
48,2013,98.7366790771,74.483,15370,BRA,Brazil,Latin America & Caribbean ,Upper middle income,IBRD
49,2014,98.8456878662,74.745,15430,BRA,Brazil,Latin America & Caribbean ,Upper middle income,IBRD
50,2015,98.9637527466,74.994,14470,BRA,Brazil,Latin America & Caribbean ,Upper middle income,IBRD
51,2016,99.1109619141,75.23,13950,BRA,Brazil,Latin America & Caribbean ,Upper middle income,IBRD
52,2017,99.1554107666,75.456,14250,BRA,Brazil,Latin America & Caribbean ,Upper middle income,IBRD
53,2018,99.2041702271,75.672,14530,BRA,Brazil,Latin America & Caribbean ,Upper middle income,IBRD
54,2011,99.3667678833,74.852,81680,BRN,Brunei Darussalam,East Asia & Pacific,High income,Not classified
55,2018,99.7089385986,75.722,62240,BRN,Brunei Darussalam,East Asia & Pacific,High income,Not classified
56,2011,97.8650512695,74.1634146341,15170,BGR,Bulgaria,Europe & Central Asia,Upper middle income,IBRD
57,2014,50.0962982178,59.45,1620,BFA,Burkina Faso,Sub-Saharan Africa ,Low income,IDA
58,2018,58.2900009155,61.174,2080,BFA,Burkina Faso,Sub-Saharan Africa ,Low income,IDA
59,2014,79.5596084595,59.665,780,BDI,Burundi,Sub-Saharan Africa ,Low income,IDA
60,2017,88.2217712402,60.898,770,BDI,Burundi,Sub-Saharan Africa ,Low income,IDA
61,2012,98.1289672852,71.445,5570,CPV,Cabo Verde,Sub-Saharan Africa ,Lower middle income,Blend
62,2015,98.1113128662,72.117,5770,CPV,Cabo Verde,Sub-Saharan Africa ,Lower middle income,Blend
63,2014,90.1418685913,68.273,3020,KHM,Cambodia,East Asia & Pacific,Lower middle income,IDA
64,2015,92.2123565674,68.637,3180,KHM,Cambodia,East Asia & Pacific,Lower middle income,IDA
65,2018,85.0800018311,58.921,3620,CMR,Cameroon,Sub-Saharan Africa ,Lower middle income,Blend
66,2018,38.2686500549,52.805,1030,CAF,Central African Republic,Sub-Saharan Africa ,Low income,IDA
67,2015,38.7724189758,53.137,1760,TCD,Chad,Sub-Saharan Africa ,Low income,IDA
68,2016,30.7916107178,53.438,1630,TCD,Chad,Sub-Saharan Africa ,Low income,IDA
69,2011,99.4081878662,78.986,19110,CHL,Chile,Latin America & Caribbean ,High income,IBRD
70,2013,99.0482788086,79.349,21300,CHL,Chile,Latin America & Caribbean ,High income,IBRD
71,2015,99.3539428711,79.646,22010,CHL,Chile,Latin America & Caribbean ,High income,IBRD
72,2017,99.0086593628,79.909,23530,CHL,Chile,Latin America & Caribbean ,High income,IBRD
73,2018,99.7835998535,76.704,15530,CHN,China,East Asia & Pacific,Upper middle income,IBRD
74,2011,98.2393798828,75.655,11110,COL,Colombia,Latin America & Caribbean ,Upper middle income,IBRD
75,2014,98.5409469604,76.322,12910,COL,Colombia,Latin America & Caribbean ,Upper middle income,IBRD
76,2015,98.5347290039,76.531,13080,COL,Colombia,Latin America & Caribbean ,Upper middle income,IBRD
77,2016,98.6683120728,76.732,13710,COL,Colombia,Latin America & Caribbean ,Upper middle income,IBRD
78,2018,98.8516464233,77.109,14670,COL,Colombia,Latin America & Caribbean ,Upper middle income,IBRD
79,2012,71.5812683105,62.595,2510,COM,Comoros,Sub-Saharan Africa ,Lower middle income,IDA
80,2018,78.2703933716,64.118,3160,COM,Comoros,Sub-Saharan Africa ,Lower middle income,IDA
81,2012,83.5975494385,57.914,630,COD,"Congo, Dem. Rep.",Sub-Saharan Africa ,Low income,IDA
82,2016,84.9895095825,59.655,940,COD,"Congo, Dem. Rep.",Sub-Saharan Africa ,Low income,IDA
83,2011,80.9139480591,60.785,4890,COG,"Congo, Rep.",Sub-Saharan Africa ,Lower middle income,Blend
84,2018,82.0547866821,64.29,3400,COG,"Congo, Rep.",Sub-Saharan Africa ,Lower middle income,Blend
85,2011,99.1336975098,78.919,12930,CRI,Costa Rica,Latin America & Caribbean ,Upper middle income,IBRD
86,2018,99.4300003052,80.095,19270,CRI,Costa Rica,Latin America & Caribbean ,Upper middle income,IBRD
87,2012,48.3099594116,54.271,2540,CIV,Cote d'Ivoire,Sub-Saharan Africa ,Lower middle income,IDA
88,2014,53.020690918,55.508,3050,CIV,Cote d'Ivoire,Sub-Saharan Africa ,Lower middle income,IDA
89,2018,58.4201507568,57.422,4960,CIV,Cote d'Ivoire,Sub-Saharan Africa ,Lower middle income,IDA
90,2011,99.7236328125,76.7756097561,20130,HRV,Croatia,Europe & Central Asia,High income,IBRD
91,2011,99.8209915161,79.621,34190,CYP,Cyprus,Europe & Central Asia,High income,Not classified
92,2016,99.7858810425,79.0268292683,33660,CZE,Czech Republic,Europe & Central Asia,High income,Not classified
93,2011,97.0420532227,72.284,11410,DOM,Dominican Republic,Latin America & Caribbean ,Upper middle income,IBRD
94,2012,97.0238876343,72.523,11430,DOM,Dominican Republic,Latin America & Caribbean ,Upper middle income,IBRD
95,2013,97.4724273682,72.763,11890,DOM,Dominican Republic,Latin America & Caribbean ,Upper middle income,IBRD
96,2014,97.6885299683,73.003,12820,DOM,Dominican Republic,Latin America & Caribbean ,Upper middle income,IBRD
97,2015,97.6140594482,73.241,14130,DOM,Dominican Republic,Latin America & Caribbean ,Upper middle income,IBRD
98,2016,98.8394088745,73.471,15420,DOM,Dominican Republic,Latin America & Caribbean ,Upper middle income,IBRD
99,2011,98.6948394775,75.289,9700,ECU,Ecuador,Latin America & Caribbean ,Upper middle income,IBRD
100,2012,98.8316268921,75.495,10160,ECU,Ecuador,Latin America & Caribbean ,Upper middle income,IBRD
101,2013,98.604637146,75.707,10990,ECU,Ecuador,Latin America & Caribbean ,Upper middle income,IBRD
102,2014,99.0977706909,75.923,11540,ECU,Ecuador,Latin America & Caribbean ,Upper middle income,IBRD
103,2015,99.1261978149,76.143,10870,ECU,Ecuador,Latin America & Caribbean ,Upper middle income,IBRD
104,2016,99.0571136475,76.365,10830,ECU,Ecuador,Latin America & Caribbean ,Upper middle income,IBRD
105,2017,99.2550506592,76.584,11360,ECU,Ecuador,Latin America & Caribbean ,Upper middle income,IBRD
106,2012,89.2819213867,70.736,10840,EGY,"Egypt, Arab Rep.",Middle East & North Africa,Lower middle income,IBRD
107,2013,92.0234222412,70.928,10930,EGY,"Egypt, Arab Rep.",Middle East & North Africa,Lower middle income,IBRD
108,2017,88.1925582886,71.656,10800,EGY,"Egypt, Arab Rep.",Middle East & North Africa,Lower middle income,IBRD
109,2011,96.5450897217,71.449,6270,SLV,El Salvador,Latin America & Caribbean ,Lower middle income,IBRD
110,2013,97.2241897583,71.935,6570,SLV,El Salvador,Latin America & Caribbean ,Lower middle income,IBRD
111,2015,97.9493331909,72.412,7240,SLV,El Salvador,Latin America & Caribbean ,Lower middle income,IBRD
112,2016,98.0085906982,72.644,7620,SLV,El Salvador,Latin America & Caribbean ,Lower middle income,IBRD
113,2017,97.9804534912,72.872,7980,SLV,El Salvador,Latin America & Caribbean ,Lower middle income,IBRD
114,2018,97.9737167358,73.096,8330,SLV,El Salvador,Latin America & Caribbean ,Lower middle income,IBRD
115,2011,99.9488983154,76.2292682927,23530,EST,Estonia,Europe & Central Asia,High income,Not classified
116,2018,95.469367981,59.401,8130,SWZ,Eswatini,Sub-Saharan Africa ,Lower middle income,IBRD
117,2017,72.7548217773,65.872,2010,ETH,Ethiopia,Sub-Saharan Africa ,Low income,IDA
118,2017,99.7443389893,67.252,12370,FJI,Fiji,East Asia & Pacific,Upper middle income,Blend
119,2012,88.5041427612,62.924,13820,GAB,Gabon,Sub-Saharan Africa ,Upper middle income,IBRD
120,2018,89.7836608887,66.187,14110,GAB,Gabon,Sub-Saharan Africa ,Upper middle income,IBRD
121,2013,60.7779006958,60.426,2080,GMB,"Gambia, The",Sub-Saharan Africa ,Low income,IDA
122,2015,67.1613769531,60.91,2020,GMB,"Gambia, The",Sub-Saharan Africa ,Low income,IDA
123,2014,99.7026062012,72.707,11420,GEO,Georgia,Europe & Central Asia,Upper middle income,IBRD
124,2017,99.6408081055,73.414,12920,GEO,Georgia,Europe & Central Asia,Upper middle income,IBRD
125,2018,92.4909667969,63.78,5220,GHA,Ghana,Sub-Saharan Africa ,Lower middle income,IDA
126,2011,98.8148574829,80.7317073171,24960,GRC,Greece,Europe & Central Asia,High income,Not classified
127,2018,99.1600036621,81.787804878,30250,GRC,Greece,Europe & Central Asia,High income,Not classified
128,2014,99.1999969482,72.503,11860,GRD,Grenada,Latin America & Caribbean ,Upper middle income,Blend
129,2012,93.6534729004,72.236,7170,GTM,Guatemala,Latin America & Caribbean ,Upper middle income,IBRD
130,2013,91.8519210815,72.596,7270,GTM,Guatemala,Latin America & Caribbean ,Upper middle income,IBRD
131,2014,94.3542480469,72.935,7560,GTM,Guatemala,Latin America & Caribbean ,Upper middle income,IBRD
132,2014,46.2950515747,59.016,1750,GIN,Guinea,Sub-Saharan Africa ,Low income,IDA
133,2014,60.4023513794,56.556,1430,GNB,Guinea-Bissau,Sub-Saharan Africa ,Low income,IDA
134,2014,96.689666748,69.049,11020,GUY,Guyana,Latin America & Caribbean ,Upper middle income,IDA
135,2016,82.9942474365,62.896,3040,HTI,Haiti,Latin America & Caribbean ,Low income,IDA
136,2011,95.9250030518,73.569,3710,HND,Honduras,Latin America & Caribbean ,Lower middle income,IDA
137,2012,94.9809494019,73.814,3760,HND,Honduras,Latin America & Caribbean ,Lower middle income,IDA
138,2013,95.0664901733,74.051,3840,HND,Honduras,Latin America & Caribbean ,Lower middle income,IDA
139,2014,95.6770706177,74.278,4090,HND,Honduras,Latin America & Caribbean ,Lower middle income,IDA
140,2015,96.0075073242,74.495,4490,HND,Honduras,Latin America & Caribbean ,Lower middle income,IDA
141,2016,96.1265411377,74.701,4790,HND,Honduras,Latin America & Caribbean ,Lower middle income,IDA
142,2018,96.515838623,75.088,5350,HND,Honduras,Latin America & Caribbean ,Lower middle income,IDA
143,2014,98.8000030518,75.7634146341,24540,HUN,Hungary,Europe & Central Asia,High income,Not classified
144,2011,86.1448822021,67.13,4450,IND,India,South Asia,Lower middle income,IBRD
145,2018,91.6640396118,69.416,6580,IND,India,South Asia,Lower middle income,IBRD
146,2011,98.7779998779,69.542,8840,IDN,Indonesia,East Asia & Pacific,Upper middle income,IBRD
147,2014,99.6802215576,70.481,9930,IDN,Indonesia,East Asia & Pacific,Upper middle income,IBRD
148,2015,99.6700668335,70.768,9910,IDN,Indonesia,East Asia & Pacific,Upper middle income,IBRD
149,2016,99.6688079834,71.035,10160,IDN,Indonesia,East Asia & Pacific,Upper middle income,IBRD
150,2018,99.7070770264,71.509,11310,IDN,Indonesia,East Asia & Pacific,Upper middle income,IBRD
151,2012,98.0143966675,74.776,16060,IRN,"Iran, Islamic Rep.",Middle East & North Africa,Upper middle income,IBRD
152,2013,97.7772979736,75.162,15380,IRN,"Iran, Islamic Rep.",Middle East & North Africa,Upper middle income,IBRD
153,2014,97.9378662109,75.502,15280,IRN,"Iran, Islamic Rep.",Middle East & North Africa,Upper middle income,IBRD
154,2016,98.101348877,76.047,14050,IRN,"Iran, Islamic Rep.",Middle East & North Africa,Upper middle income,IBRD
155,2012,83.5,69.148,15220,IRQ,Iraq,Middle East & North Africa,Upper middle income,IBRD
156,2013,80.8000030518,69.437,15470,IRQ,Iraq,Middle East & North Africa,Upper middle income,IBRD
157,2014,88.8000030518,69.7,14190,IRQ,Iraq,Middle East & North Africa,Upper middle income,IBRD
158,2016,90.9000015259,70.122,9810,IRQ,Iraq,Middle East & North Africa,Upper middle income,IBRD
159,2017,93.5,70.294,10890,IRQ,Iraq,Middle East & North Africa,Upper middle income,IBRD
160,2011,99.8596420288,82.187804878,36510,ITA,Italy,Europe & Central Asia,High income,Not classified
161,2018,99.9300003052,83.3463414634,44960,ITA,Italy,Europe & Central Asia,High income,Not classified
162,2014,96.3000030518,74.042,8360,JAM,Jamaica,Latin America & Caribbean ,Upper middle income,IBRD
163,2011,99.1486816406,73.581,9320,JOR,Jordan,Middle East & North Africa,Upper middle income,IBRD
164,2012,99.10572052,73.722,9080,JOR,Jordan,Middle East & North Africa,Upper middle income,IBRD
165,2018,99.3437423706,74.405,10220,JOR,Jordan,Middle East & North Africa,Upper middle income,IBRD
166,2018,99.8973617554,73.15,22950,KAZ,Kazakhstan,Europe & Central Asia,Upper middle income,IBRD
167,2014,86.5256271362,64.135,2980,KEN,Kenya,Sub-Saharan Africa ,Lower middle income,Blend
168,2018,87.8300018311,66.342,4240,KEN,Kenya,Sub-Saharan Africa ,Lower middle income,Blend
169,2012,98.7822570801,74.728,87030,KWT,Kuwait,Middle East & North Africa,High income,Not classified
170,2013,99.1537475586,74.885,84000,KWT,Kuwait,Middle East & North Africa,High income,Not classified
171,2015,99.2590866089,75.13,52460,KWT,Kuwait,Middle East & North Africa,High income,Not classified
172,2017,99.2435836792,75.311,58770,KWT,Kuwait,Middle East & North Africa,High income,Not classified
173,2018,99.0801315308,75.398,58550,KWT,Kuwait,Middle East & North Africa,High income,Not classified
174,2018,99.75,71.4,5100,KGZ,Kyrgyz Republic,Europe & Central Asia,Lower middle income,IDA
175,2011,72.0562286377,64.797,3870,LAO,Lao PDR,East Asia & Pacific,Lower middle income,IDA
176,2015,92.462638855,66.546,5890,LAO,Lao PDR,East Asia & Pacific,Lower middle income,IDA
177,2011,99.8354263306,73.5756097561,19860,LVA,Latvia,Europe & Central Asia,High income,Not classified
178,2018,99.8199996948,74.7829268293,31250,LVA,Latvia,Europe & Central Asia,High income,Not classified
179,2018,99.7518234253,78.875,15900,LBN,Lebanon,Middle East & North Africa,Upper middle income,IBRD
180,2014,86.6322021484,49.891,3320,LSO,Lesotho,Sub-Saharan Africa ,Lower middle income,IDA
181,2017,55.3987007141,63.295,1380,LBR,Liberia,Sub-Saharan Africa ,Low income,IDA
182,2011,99.855796814,73.5634146341,22220,LTU,Lithuania,Europe & Central Asia,High income,Not classified
183,2011,99.6728973389,82.938,104120,MAC,"Macao SAR, China",East Asia & Pacific,High income,Not classified
184,2016,99.7987365723,83.854,107330,MAC,"Macao SAR, China",East Asia & Pacific,High income,Not classified
185,2012,76.8291625977,64.28,1490,MDG,Madagascar,Sub-Saharan Africa ,Low income,IDA
186,2018,81.1983718872,66.681,1600,MDG,Madagascar,Sub-Saharan Africa ,Low income,IDA
187,2014,76.0819091797,61.042,1050,MWI,Malawi,Sub-Saharan Africa ,Low income,IDA
188,2015,72.9356079102,61.953,980,MWI,Malawi,Sub-Saharan Africa ,Low income,IDA
189,2016,97.6144714355,75.649,24840,MYS,Malaysia,East Asia & Pacific,Upper middle income,IBRD
190,2017,97.2725601196,75.828,25910,MYS,Malaysia,East Asia & Pacific,Upper middle income,IBRD
191,2018,96.8503265381,75.997,27350,MYS,Malaysia,East Asia & Pacific,Upper middle income,IBRD
192,2014,99.2683792114,77.36,14460,MDV,Maldives,South Asia,Upper middle income,IDA
193,2016,98.7536468506,78.013,16000,MDV,Maldives,South Asia,Upper middle income,IDA
194,2011,42.0952796936,55.701,1760,MLI,Mali,Sub-Saharan Africa ,Low income,IDA
195,2015,49.3665313721,57.509,1990,MLI,Mali,Sub-Saharan Africa ,Low income,IDA
196,2018,50.1347007751,58.893,2270,MLI,Mali,Sub-Saharan Africa ,Low income,IDA
197,2011,98.881942749,80.7463414634,28290,MLT,Malta,Middle East & North Africa,High income,Not classified
198,2018,99.3007125854,82.4487804878,42110,MLT,Malta,Middle East & North Africa,High income,Not classified
199,2017,63.9478111267,64.464,5000,MRT,Mauritania,Sub-Saharan Africa ,Lower middle income,IDA
200,2011,98.1303482056,73.2668292683,16340,MUS,Mauritius,Sub-Saharan Africa ,High income,IBRD
201,2018,99.0420303345,74.4163414634,25470,MUS,Mauritius,Sub-Saharan Africa ,High income,IBRD
202,2011,98.461769104,75.011,16260,MEX,Mexico,Latin America & Caribbean ,Upper middle income,IBRD
203,2012,98.8754196167,74.966,16830,MEX,Mexico,Latin America & Caribbean ,Upper middle income,IBRD
204,2013,98.5644989014,74.93,16870,MEX,Mexico,Latin America & Caribbean ,Upper middle income,IBRD
205,2014,99.000038147,74.908,17610,MEX,Mexico,Latin America & Caribbean ,Upper middle income,IBRD
206,2015,98.9447097778,74.904,17830,MEX,Mexico,Latin America & Caribbean ,Upper middle income,IBRD
207,2016,99.1162033081,74.917,18810,MEX,Mexico,Latin America & Caribbean ,Upper middle income,IBRD
208,2017,99.1246871948,74.947,19270,MEX,Mexico,Latin America & Caribbean ,Upper middle income,IBRD
209,2018,99.3184509277,74.992,19800,MEX,Mexico,Latin America & Caribbean ,Upper middle income,IBRD
210,2012,99.456161499,70.581,8050,MDA,Moldova,Europe & Central Asia,Lower middle income,IBRD
211,2014,99.8110122681,71.267,9590,MDA,Moldova,Europe & Central Asia,Lower middle income,IBRD
212,2018,98.6299972534,69.689,10950,MNG,Mongolia,East Asia & Pacific,Lower middle income,IBRD
213,2011,99.2118225098,75.505,14590,MNE,Montenegro,Europe & Central Asia,Upper middle income,IBRD
214,2018,99.1100006104,76.77,22490,MNE,Montenegro,Europe & Central Asia,Upper middle income,IBRD
215,2011,81.5100708008,74.696,6600,MAR,Morocco,Middle East & North Africa,Lower middle income,IBRD
216,2012,91.2209625244,74.97,6570,MAR,Morocco,Middle East & North Africa,Lower middle income,IBRD
217,2018,97.7300033569,76.453,7450,MAR,Morocco,Middle East & North Africa,Lower middle income,IBRD
218,2015,70.525100708,57.206,1270,MOZ,Mozambique,Sub-Saharan Africa ,Low income,IDA
219,2017,70.9124526978,59.309,1250,MOZ,Mozambique,Sub-Saharan Africa ,Low income,IDA
220,2016,84.751159668,66.205,4370,MMR,Myanmar,East Asia & Pacific,Lower middle income,IDA
221,2011,94.4194412231,58.085,8590,NAM,Namibia,Sub-Saharan Africa ,Upper middle income,IBRD
222,2018,95.1649017334,63.373,9860,NAM,Namibia,Sub-Saharan Africa ,Upper middle income,IBRD
223,2011,84.7571487427,68.028,2010,NPL,Nepal,South Asia,Lower middle income,IDA
224,2018,92.3938064575,70.478,3360,NPL,Nepal,South Asia,Lower middle income,IDA
225,2015,91.5717773438,73.649,5090,NIC,Nicaragua,Latin America & Caribbean ,Lower middle income,IDA
226,2012,39.7877311707,58.79,1200,NER,Niger,Sub-Saharan Africa ,Low income,IDA
227,2018,43.4599990845,62.024,1280,NER,Niger,Sub-Saharan Africa ,Low income,IDA
228,2018,75.0287475586,54.332,5040,NGA,Nigeria,Sub-Saharan Africa ,Lower middle income,Blend
229,2014,98.5999984741,75.299,13120,MKD,North Macedonia,Europe & Central Asia,Upper middle income,IBRD
230,2014,99.0943222046,76.634,36570,OMN,Oman,Middle East & North Africa,High income,Not classified
231,2015,99.1537322998,76.887,30090,OMN,Oman,Middle East & North Africa,High income,Not classified
232,2016,98.7035598755,77.142,28010,OMN,Oman,Middle East & North Africa,High income,Not classified
233,2017,98.662437439,77.393,27780,OMN,Oman,Middle East & North Africa,High income,Not classified
234,2018,98.6178283691,77.633,27350,OMN,Oman,Middle East & North Africa,High income,Not classified
235,2011,70.7693328857,65.562,3940,PAK,Pakistan,South Asia,Lower middle income,Blend
236,2012,72.5834197998,65.849,3960,PAK,Pakistan,South Asia,Lower middle income,Blend
237,2013,71.6362228394,66.117,4040,PAK,Pakistan,South Asia,Lower middle income,Blend
238,2014,72.7954025269,66.36,4170,PAK,Pakistan,South Asia,Lower middle income,Blend
239,2017,74.5263824463,66.947,4500,PAK,Pakistan,South Asia,Lower middle income,Blend
240,2018,99.0990905762,78.329,29400,PAN,Panama,Latin America & Caribbean ,High income,IBRD
241,2012,98.1779174805,73.068,9590,PRY,Paraguay,Latin America & Caribbean ,Upper middle income,IBRD
242,2013,98.8991317749,73.274,10640,PRY,Paraguay,Latin America & Caribbean ,Upper middle income,IBRD
243,2014,98.7137985229,73.473,11010,PRY,Paraguay,Latin America & Caribbean ,Upper middle income,IBRD
244,2015,98.6536026001,73.662,11040,PRY,Paraguay,Latin America & Caribbean ,Upper middle income,IBRD
245,2016,98.4505996704,73.836,11550,PRY,Paraguay,Latin America & Caribbean ,Upper middle income,IBRD
246,2018,98.2815170288,74.131,12720,PRY,Paraguay,Latin America & Caribbean ,Upper middle income,IBRD
247,2012,98.6981582642,74.981,10090,PER,Peru,Latin America & Caribbean ,Upper middle income,IBRD
248,2014,98.9775314331,75.529,10990,PER,Peru,Latin America & Caribbean ,Upper middle income,IBRD
249,2015,99.0095367432,75.792,11180,PER,Peru,Latin America & Caribbean ,Upper middle income,IBRD
250,2016,98.8834915161,76.044,11520,PER,Peru,Latin America & Caribbean ,Upper middle income,IBRD
251,2017,99.0574798584,76.286,11930,PER,Peru,Latin America & Caribbean ,Upper middle income,IBRD
252,2018,99.0237579346,76.516,12450,PER,Peru,Latin America & Caribbean ,Upper middle income,IBRD
253,2013,98.1083526611,70.315,7390,PHL,Philippines,East Asia & Pacific,Lower middle income,IBRD
254,2015,99.0826034546,70.644,8010,PHL,Philippines,East Asia & Pacific,Lower middle income,IBRD
255,2011,99.4351196289,80.4707317073,26340,PRT,Portugal,Europe & Central Asia,High income,Not classified
256,2018,99.6639175415,81.3243902439,35150,PRT,Portugal,Europe & Central Asia,High income,Not classified
257,2017,92.389831543,79.6345365854,22940,PRI,Puerto Rico,Latin America & Caribbean ,High income,Not classified
258,2011,94.609413147,79.26,128340,QAT,Qatar,Middle East & North Africa,High income,Not classified
259,2012,93.9443588257,79.399,132440,QAT,Qatar,Middle East & North Africa,High income,Not classified
260,2013,91.7935791016,79.527,131020,QAT,Qatar,Middle East & North Africa,High income,Not classified
261,2014,93.6445236206,79.646,123250,QAT,Qatar,Middle East & North Africa,High income,Not classified
262,2016,95.4636535645,79.868,82490,QAT,Qatar,Middle East & North Africa,High income,Not classified
263,2017,94.6441116333,79.981,91500,QAT,Qatar,Middle East & North Africa,High income,Not classified
264,2011,98.9956893921,74.4097560976,17670,ROU,Romania,Europe & Central Asia,High income,IBRD
265,2018,99.4291915894,75.3585365854,29620,ROU,Romania,Europe & Central Asia,High income,IBRD
266,2018,99.6984481812,72.6573170732,28040,RUS,Russian Federation,Europe & Central Asia,Upper middle income,IBRD
267,2012,82.3307495117,65.438,1470,RWA,Rwanda,Sub-Saharan Africa ,Low income,IDA
268,2014,85.0662384033,66.884,1670,RWA,Rwanda,Sub-Saharan Africa ,Low income,IDA
269,2018,86.492767334,68.7,2070,RWA,Rwanda,Sub-Saharan Africa ,Low income,IDA
270,2011,99.2356567383,71.906,5440,WSM,Samoa,East Asia & Pacific,Upper middle income,IDA
271,2018,99.1234817505,73.187,6240,WSM,Samoa,East Asia & Pacific,Upper middle income,IDA
272,2012,96.7384033203,68.306,2900,STP,Sao Tome and Principe,Sub-Saharan Africa ,Lower middle income,IDA
273,2018,97.7825469971,70.17,4090,STP,Sao Tome and Principe,Sub-Saharan Africa ,Lower middle income,IDA
274,2013,99.2217712402,74.402,56920,SAU,Saudi Arabia,Middle East & North Africa,High income,Not classified
275,2017,99.3018798828,74.874,48040,SAU,Saudi Arabia,Middle East & North Africa,High income,Not classified
276,2011,65.7805099487,64.898,2640,SEN,Senegal,Sub-Saharan Africa ,Lower middle income,IDA
277,2013,56.9430084229,65.939,2700,SEN,Senegal,Sub-Saharan Africa ,Lower middle income,IDA
278,2017,69.4784088135,67.38,3110,SEN,Senegal,Sub-Saharan Africa ,Lower middle income,IDA
279,2011,99.3086929321,74.5365853659,13450,SRB,Serbia,Europe & Central Asia,Upper middle income,IBRD
280,2016,99.7198181152,75.687804878,14990,SRB,Serbia,Europe & Central Asia,Upper middle income,IBRD
281,2018,99.0699996948,72.8414634146,27330,SYC,Seychelles,Sub-Saharan Africa ,High income,IBRD
282,2013,57.0221290588,51.731,1740,SLE,Sierra Leone,Sub-Saharan Africa ,Low income,IDA
283,2018,66.6485977173,54.309,1580,SLE,Sierra Leone,Sub-Saharan Africa ,Low income,IDA
284,2011,99.8871994019,81.743902439,77300,SGP,Singapore,East Asia & Pacific,High income,Not classified
285,2012,99.8949432373,81.9951219512,78420,SGP,Singapore,East Asia & Pacific,High income,Not classified
286,2013,99.8986129761,82.2463414634,78530,SGP,Singapore,East Asia & Pacific,High income,Not classified
287,2014,99.9004669189,82.4951219512,81490,SGP,Singapore,East Asia & Pacific,High income,Not classified
288,2015,99.7848968506,82.743902439,81040,SGP,Singapore,East Asia & Pacific,High income,Not classified
289,2016,99.9265823364,82.8463414634,83730,SGP,Singapore,East Asia & Pacific,High income,Not classified
290,2017,99.9304428101,83.0951219512,87740,SGP,Singapore,East Asia & Pacific,High income,Not classified
291,2018,99.9296264648,83.1463414634,90510,SGP,Singapore,East Asia & Pacific,High income,Not classified
292,2014,99.8000030518,81.0780487805,30590,SVN,Slovenia,Europe & Central Asia,High income,Not classified
293,2011,98.7896575928,58.895,11860,ZAF,South Africa,Sub-Saharan Africa ,Upper middle income,IBRD
294,2012,98.8820419312,60.06,11730,ZAF,South Africa,Sub-Saharan Africa ,Upper middle income,IBRD
295,2014,98.8822784424,61.968,12190,ZAF,South Africa,Sub-Saharan Africa ,Upper middle income,IBRD
296,2015,98.9557800293,62.649,12240,ZAF,South Africa,Sub-Saharan Africa ,Upper middle income,IBRD
297,2017,95.3238220215,63.538,12320,ZAF,South Africa,Sub-Saharan Africa ,Upper middle income,IBRD
298,2011,99.6994018555,82.4756097561,31310,ESP,Spain,Europe & Central Asia,High income,Not classified
299,2012,99.6727828979,82.4268292683,31470,ESP,Spain,Europe & Central Asia,High income,Not classified
300,2013,99.6692581177,83.0780487805,32220,ESP,Spain,Europe & Central Asia,High income,Not classified
301,2014,99.7227630615,83.2292682927,33400,ESP,Spain,Europe & Central Asia,High income,Not classified
302,2015,99.6556777954,82.8317073171,34900,ESP,Spain,Europe & Central Asia,High income,Not classified
303,2016,99.6221618652,83.3292682927,37380,ESP,Spain,Europe & Central Asia,High income,Not classified
304,2018,99.7155532837,83.4317073171,42080,ESP,Spain,Europe & Central Asia,High income,Not classified
305,2016,98.6889877319,76.482,11900,LKA,Sri Lanka,South Asia,Lower middle income,IBRD
306,2017,98.8564605713,76.648,12250,LKA,Sri Lanka,South Asia,Lower middle income,IBRD
307,2018,98.7819366455,76.812,12820,LKA,Sri Lanka,South Asia,Lower middle income,IBRD
308,2018,73.0,65.095,3950,SDN,Sudan,Sub-Saharan Africa ,Low income,IDA
309,2012,97.6679000854,70.851,15170,SUR,Suriname,Latin America & Caribbean ,Upper middle income,IBRD
310,2018,98.6455612183,71.57,15120,SUR,Suriname,Latin America & Caribbean ,Upper middle income,IBRD
311,2014,99.9000015259,69.874,4090,TJK,Tajikistan,Europe & Central Asia,Low income,IDA
312,2012,85.9400024414,60.47,2070,TZA,Tanzania,Sub-Saharan Africa ,Lower middle income,IDA
313,2015,85.7551422119,63.111,2300,TZA,Tanzania,Sub-Saharan Africa ,Lower middle income,IDA
314,2013,98.3138809204,75.378,14420,THA,Thailand,East Asia & Pacific,Upper middle income,IBRD
315,2015,98.1466293335,76.091,15010,THA,Thailand,East Asia & Pacific,Upper middle income,IBRD
316,2018,98.1371688843,76.931,17630,THA,Thailand,East Asia & Pacific,Upper middle income,IBRD
317,2018,83.5390319824,69.26,4490,TLS,Timor-Leste,East Asia & Pacific,Lower middle income,Blend
318,2011,79.8859100342,58.092,1280,TGO,Togo,Sub-Saharan Africa ,Low income,IDA
319,2015,84.2901077271,59.927,1440,TGO,Togo,Sub-Saharan Africa ,Low income,IDA
320,2011,99.4370269775,70.148,5190,TON,Tonga,East Asia & Pacific,Upper middle income,IDA
321,2018,99.441116333,70.801,6970,TON,Tonga,East Asia & Pacific,Upper middle income,IDA
322,2011,97.3044433594,75.206,9590,TUN,Tunisia,Middle East & North Africa,Lower middle income,IBRD
323,2012,96.8649978638,75.376,9790,TUN,Tunisia,Middle East & North Africa,Lower middle income,IBRD
324,2014,96.2090988159,75.734,10070,TUN,Tunisia,Middle East & North Africa,Lower middle income,IBRD
325,2011,98.7093505859,74.944,19630,TUR,Turkey,Europe & Central Asia,Upper middle income,IBRD
326,2012,99.0160217285,75.373,20620,TUR,Turkey,Europe & Central Asia,Upper middle income,IBRD
327,2013,99.227432251,75.784,22240,TUR,Turkey,Europe & Central Asia,Upper middle income,IBRD
328,2014,99.3584823608,76.172,23880,TUR,Turkey,Europe & Central Asia,Upper middle income,IBRD
329,2015,99.494392395,76.532,25460,TUR,Turkey,Europe & Central Asia,Upper middle income,IBRD
330,2016,99.6213607788,76.86,26230,TUR,Turkey,Europe & Central Asia,Upper middle income,IBRD
331,2017,99.750869751,77.161,27650,TUR,Turkey,Europe & Central Asia,Upper middle income,IBRD
332,2014,99.8000030518,67.552,12280,TKM,Turkmenistan,Europe & Central Asia,Upper middle income,IBRD
333,2012,83.6588821411,59.017,1970,UGA,Uganda,Sub-Saharan Africa ,Low income,IDA
334,2018,89.3963088989,62.973,2110,UGA,Uganda,Sub-Saharan Africa ,Low income,IDA
335,2012,99.9697570801,70.9441463415,9190,UKR,Ukraine,Europe & Central Asia,Lower middle income,IBRD
336,2015,99.4300003052,77.285,65220,ARE,United Arab Emirates,Middle East & North Africa,High income,Not classified
337,2011,98.8622207642,76.882,17390,URY,Uruguay,Latin America & Caribbean ,High income,IBRD
338,2012,98.9552536011,77.004,16880,URY,Uruguay,Latin America & Caribbean ,High income,IBRD
339,2013,98.9297637939,77.124,18110,URY,Uruguay,Latin America & Caribbean ,High income,IBRD
340,2014,98.8388900757,77.244,18820,URY,Uruguay,Latin America & Caribbean ,High income,IBRD
341,2015,98.9275970459,77.369,19310,URY,Uruguay,Latin America & Caribbean ,High income,IBRD
342,2016,99.1524734497,77.498,19650,URY,Uruguay,Latin America & Caribbean ,High income,IBRD
343,2017,98.9326019287,77.632,20060,URY,Uruguay,Latin America & Caribbean ,High income,IBRD
344,2018,98.8802719116,77.77,20590,URY,Uruguay,Latin America & Caribbean ,High income,IBRD
345,2013,100.0,70.41,5970,UZB,Uzbekistan,Europe & Central Asia,Lower middle income,Blend
346,2014,99.999961853,70.671,6250,UZB,Uzbekistan,Europe & Central Asia,Lower middle income,Blend
347,2015,99.999961853,70.928,6450,UZB,Uzbekistan,Europe & Central Asia,Lower middle income,Blend
348,2016,100.0,71.171,6530,UZB,Uzbekistan,Europe & Central Asia,Lower middle income,Blend
349,2018,99.9999389648,71.573,7130,UZB,Uzbekistan,Europe & Central Asia,Lower middle income,Blend
350,2014,95.3000030518,69.719,3010,VUT,Vanuatu,East Asia & Pacific,Lower middle income,IDA
351,2018,96.282119751,70.323,3230,VUT,Vanuatu,East Asia & Pacific,Lower middle income,IDA
352,2011,97.5591583252,73.11,17080,VEN,"Venezuela, RB",Latin America & Caribbean ,Upper middle income,IBRD
353,2018,98.4080963135,75.317,7290,VNM,Vietnam,East Asia & Pacific,Lower middle income,IBRD
354,2011,99.3123168945,72.915,4780,PSE,West Bank and Gaza,Middle East & North Africa,Lower middle income,Not classified
355,2012,99.2873306274,73.041,5610,PSE,West Bank and Gaza,Middle East & North Africa,Lower middle income,Not classified
356,2013,99.3483276367,73.17,5810,PSE,West Bank and Gaza,Middle East & North Africa,Lower middle income,Not classified
357,2014,99.3635101318,73.303,6090,PSE,West Bank and Gaza,Middle East & North Africa,Lower middle income,Not classified
358,2015,99.3406066895,73.442,6680,PSE,West Bank and Gaza,Middle East & North Africa,Lower middle income,Not classified
359,2016,99.3837127686,73.589,7080,PSE,West Bank and Gaza,Middle East & North Africa,Lower middle income,Not classified
360,2018,99.3362503052,73.895,7580,PSE,West Bank and Gaza,Middle East & North Africa,Lower middle income,Not classified
361,2018,92.0915679932,63.51,3550,ZMB,Zambia,Sub-Saharan Africa ,Lower middle income,IDA
362,2011,90.9307022095,52.896,1800,ZWE,Zimbabwe,Sub-Saharan Africa ,Lower middle income,Blend
363,2014,90.4281234741,58.41,2360,ZWE,Zimbabwe,Sub-Saharan Africa ,Lower middle income,Blend
